p,X,Y,Z,mag,freq,xV,yV,zV
,mm,mm,mm,N,Hz,,,
1,-0.1266,0.4565,0,760,0,0,-1,0
2,0.3893,0.5501,0,40,0,-0.984807753,0.173648178,0
