p1,x1,y1,z1,p2,x2,y2,z2,numElem,E,nu,G,rho,t,Ri,Ro,A,Ix,Iy,Iz,J
,m,m,m,,m,m,m,,Pa,,Pa,kg/m^3,m,m,m,m^2,m^4,m^4,m^4,m^4
1,-0.3122,0.2142,0.0248,2,0.2037,0.3078,0.0248,20,1.20E+11,0.361,4.41E+10,4510,0.0007097,0.0134674,0.0141771,6.16359E-05,5.89179E-09,5.89179E-09,1.17836E-08,1.17836E-08
2,0.2037,0.3078,0.0248,3,0.2246,0.2453,0.0248,20,1.20E+11,0.361,4.41E+10,4510,0.002,0.017,0.019,0.000226195,3.67566E-08,3.67566E-08,7.35133E-08,7.35133E-08
3,0.2246,0.2453,0.0248,4,-0.1856,-0.2423,0.0248,20,1.20E+11,0.361,4.41E+10,4510,0.0007255,0.0178641,0.0185896,8.30862E-05,1.38068E-08,1.38068E-08,2.76137E-08,2.76137E-08
4,-0.1856,-0.2423,0.0248,1,-0.3122,0.2142,0.0248,20,1.20E+11,0.361,4.41E+10,4510,0.001,0.0136,0.0146,8.85929E-05,8.81765E-09,8.81765E-09,1.76353E-08,1.76353E-08
1,-0.3122,0.2142,0.0248,5,-0.61,-0.1736,0.0998,20,1.20E+11,0.361,4.41E+10,4510,0.0007184,0.00650994,0.00722834,31.0062,7.33515E-10,7.33515E-10,1.46703E-09,1.46703E-09
1,-0.3122,0.2142,0.0248,6,-0.61,-0.1736,-0.0502,20,1.20E+11,0.361,4.41E+10,4510,0.0007184,0.00650994,0.00722834,31.0062,7.33515E-10,7.33515E-10,1.46703E-09,1.46703E-09
4,-0.1856,-0.2423,0.0248,5,-0.61,-0.1736,0.0998,20,1.20E+11,0.361,4.41E+10,4510,0.0007173,0.008024575,0.008741875,37.7826,1.33008E-09,1.33008E-09,2.66016E-09,2.66016E-09
4,-0.1856,-0.2423,0.0248,6,-0.61,-0.1736,-0.0502,20,1.20E+11,0.361,4.41E+10,4510,0.0007173,0.008024575,0.008741875,37.7826,1.33008E-09,1.33008E-09,2.66016E-09,2.66016E-09
